RMSD,Algorithm,ref
2.2989625930786133,AlphaFold2,7U5Z
1.8896971940994263,AlphaFold2,7SLS
2.3779549598693848,AlphaFold2,7SLR
2.4031248092651367,AlphaFold2,7SNZ
2.4908220767974854,AlphaFold2,8DXG
1.9853371381759644,AlphaFold2,8U6L
2.5440773963928223,AlphaFold2,8DX2
2.0135061740875244,AlphaFold2,8U6O
2.037114143371582,AlphaFold2,8U69
2.4414820671081543,AlphaFold2,8DXE
2.480286121368408,AlphaFold2,8DX3
2.5845489501953125,AlphaFold2,7LPX
2.4467177391052246,AlphaFold2,8DXB
2.0356359481811523,AlphaFold2,8U6I
2.517880916595459,AlphaFold2,8DX8
2.435727119445801,AlphaFold2,8U6D
2.600370407104492,AlphaFold2,8U6E
2.6952755451202393,AlphaFold2,7KWU
2.544970989227295,AlphaFold2,7LPW
2.4400594234466553,AlphaFold2,8DXM
2.5117783546447754,AlphaFold2,8DXL
2.4494669437408447,AlphaFold2,8DXH
2.8937928676605225,AlphaFold2,8U6B
2.548321008682251,AlphaFold2,7TAZ
2.134742498397827,AlphaFold2,8U6T
2.647325038909912,AlphaFold2,7LRY
2.438432216644287,AlphaFold2,8DXI
2.431919813156128,AlphaFold2,8DXK
2.5809338092803955,AlphaFold2,8U6A
2.422283411026001,AlphaFold2,8DXJ
3.3852431774139404,AlphaFold2,7DBM
2.4615330696105957,AlphaFold2,8FFX
3.4572935104370117,AlphaFold3,7U5Z
1.5612062215805054,AlphaFold3,7SLS
1.4959474802017212,AlphaFold3,7SLR
3.6289210319519043,AlphaFold3,7SNZ
3.8892505168914795,AlphaFold3,8DXG
3.008336305618286,AlphaFold3,8U6L
3.684173822402954,AlphaFold3,8DX2
3.617536783218384,AlphaFold3,8U6O
3.4064247608184814,AlphaFold3,8U69
4.226870536804199,AlphaFold3,8DXE
4.096956729888916,AlphaFold3,8DX3
3.2281811237335205,AlphaFold3,7LPX
3.964090347290039,AlphaFold3,8DXB
3.688396453857422,AlphaFold3,8U6I
4.073777675628662,AlphaFold3,8DX8
4.128456115722656,AlphaFold3,8U6D
4.043125152587891,AlphaFold3,8U6E
3.2885589599609375,AlphaFold3,7LPW
4.0662760734558105,AlphaFold3,8DXM
3.9171504974365234,AlphaFold3,8DXL
3.9460792541503906,AlphaFold3,8DXH
4.120935916900635,AlphaFold3,8U6B
4.043848991394043,AlphaFold3,7TAZ
3.3410325050354004,AlphaFold3,8U6T
2.0077786445617676,AlphaFold3,7LRY
4.149584770202637,AlphaFold3,8DXI
3.96234393119812,AlphaFold3,8DXK
3.970200300216675,AlphaFold3,8U6A
4.136072158813477,AlphaFold3,8DXJ
3.6180338859558105,AlphaFold3,8FFX
6.15822696685791,ESMFold,7U5Z
8.253209114074707,ESMFold,7SLS
8.209441184997559,ESMFold,7SLR
6.525516510009766,ESMFold,7SNZ
6.54046106338501,ESMFold,8DXG
6.128931045532227,ESMFold,8U6L
7.917699337005615,ESMFold,8DX2
6.199742317199707,ESMFold,8U6O
6.1858720779418945,ESMFold,8U69
6.534755706787109,ESMFold,8DXE
6.436015605926514,ESMFold,8DX3
6.189476013183594,ESMFold,7LPX
6.522467613220215,ESMFold,8DXB
6.321035385131836,ESMFold,8U6I
6.548581123352051,ESMFold,8DX8
5.945810794830322,ESMFold,8U6D
6.01009464263916,ESMFold,8U6E
6.259201526641846,ESMFold,7KWU
6.170188903808594,ESMFold,7LPW
6.5063300132751465,ESMFold,8DXM
6.536360740661621,ESMFold,8DXL
6.514316558837891,ESMFold,8DXH
5.791748523712158,ESMFold,8U6B
6.114752769470215,ESMFold,7TAZ
6.417489528656006,ESMFold,8U6T
8.708163261413574,ESMFold,7LRY
6.531277656555176,ESMFold,8DXI
6.489412784576416,ESMFold,8DXK
5.902451515197754,ESMFold,8U6A
6.515262603759766,ESMFold,8DXJ
6.164107799530029,ESMFold,7DBM
6.066325664520264,ESMFold,8FFX
24.125152587890625,ESM3-Open,7U5Z
10.957748413085938,ESM3-Open,7SLS
17.62786102294922,ESM3-Open,7SLR
13.194095611572266,ESM3-Open,7SNZ
15.599413871765137,ESM3-Open,8DXG
11.823827743530273,ESM3-Open,8U6L
15.894304275512695,ESM3-Open,8DX2
19.024873733520508,ESM3-Open,8U6O
14.312506675720215,ESM3-Open,8U69
12.673110008239746,ESM3-Open,8DXE
14.116898536682129,ESM3-Open,8DX3
16.129898071289062,ESM3-Open,7LPX
14.121227264404297,ESM3-Open,8DXB
9.843585014343262,ESM3-Open,8U6I
20.857112884521484,ESM3-Open,8DX8
15.314144134521484,ESM3-Open,8U6D
12.543171882629395,ESM3-Open,8U6E
16.5058650970459,ESM3-Open,7KWU
15.916779518127441,ESM3-Open,7LPW
11.985122680664062,ESM3-Open,8DXM
20.1591796875,ESM3-Open,8DXL
17.296092987060547,ESM3-Open,8DXH
14.68761920928955,ESM3-Open,8U6B
16.101289749145508,ESM3-Open,7TAZ
20.80488395690918,ESM3-Open,8U6T
8.34174633026123,ESM3-Open,7LRY
19.162132263183594,ESM3-Open,8DXI
23.466577529907227,ESM3-Open,8DXK
15.852953910827637,ESM3-Open,8U6A
16.32169532775879,ESM3-Open,8DXJ
25.76506233215332,ESM3-Open,7DBM
16.591136932373047,ESM3-Open,8FFX
2.268749713897705,ESM3-Large,7U5Z
1.7668789625167847,ESM3-Large,7SLS
1.9065089225769043,ESM3-Large,7SLR
3.0140180587768555,ESM3-Large,7SNZ
2.834956169128418,ESM3-Large,8DXG
2.4400744438171387,ESM3-Large,8U6L
2.9132792949676514,ESM3-Large,8DX2
2.054661750793457,ESM3-Large,8U6O
2.1492624282836914,ESM3-Large,8U69
3.2108755111694336,ESM3-Large,8DXE
2.4651050567626953,ESM3-Large,8DX3
3.1289267539978027,ESM3-Large,7LPX
3.363291025161743,ESM3-Large,8DXB
2.378919839859009,ESM3-Large,8U6I
2.6270394325256348,ESM3-Large,8DX8
2.242029905319214,ESM3-Large,8U6D
3.1871306896209717,ESM3-Large,8U6E
2.6524176597595215,ESM3-Large,7KWU
2.691589593887329,ESM3-Large,7LPW
3.0574522018432617,ESM3-Large,8DXM
2.439023733139038,ESM3-Large,8DXL
2.5734057426452637,ESM3-Large,8DXH
2.913343667984009,ESM3-Large,8U6B
2.523172378540039,ESM3-Large,7TAZ
2.3293542861938477,ESM3-Large,8U6T
3.8123366832733154,ESM3-Large,7LRY
2.512033224105835,ESM3-Large,8DXI
2.8975718021392822,ESM3-Large,8DXK
2.8084206581115723,ESM3-Large,8U6A
2.6525418758392334,ESM3-Large,8DXJ
1.3684238195419312,ESM3-Large,7DBM
2.3806357383728027,ESM3-Large,8FFX
26.10369110107422,Ember3D,7U5Z
25.93712043762207,Ember3D,7SLS
25.839218139648438,Ember3D,7SLR
26.47655487060547,Ember3D,7SNZ
26.55455207824707,Ember3D,8DXG
26.169281005859375,Ember3D,8U6L
26.533401489257812,Ember3D,8DX2
26.357280731201172,Ember3D,8U6O
26.10772132873535,Ember3D,8U69
26.500213623046875,Ember3D,8DXE
26.572608947753906,Ember3D,8DX3
26.33599281311035,Ember3D,7LPX
26.498371124267578,Ember3D,8DXB
26.10769271850586,Ember3D,8U6I
26.498586654663086,Ember3D,8DX8
25.136438369750977,Ember3D,8U6D
26.133329391479492,Ember3D,8U6E
26.581830978393555,Ember3D,7KWU
26.388647079467773,Ember3D,7LPW
26.505393981933594,Ember3D,8DXM
26.507537841796875,Ember3D,8DXL
26.482315063476562,Ember3D,8DXH
25.58919334411621,Ember3D,8U6B
26.620712280273438,Ember3D,7TAZ
26.1509952545166,Ember3D,8U6T
25.724889755249023,Ember3D,7LRY
26.51481056213379,Ember3D,8DXI
26.51004409790039,Ember3D,8DXK
26.36659049987793,Ember3D,8U6A
26.506908416748047,Ember3D,8DXJ
25.701650619506836,Ember3D,7DBM
26.550851821899414,Ember3D,8FFX
